{
	"code": 200,
	"msg": "success",
	"list": [
		{
			"id": 1,
			"name": "电影",
			"tabbar": [{
				"typeid": 1,
				"type": 0,
				"name": "黑丝诱惑"
			}, {
				"typeid": 2,
				"type": 0,
				"name": "喜剧片"
			}, {
				"typeid": 3,
				"type": 0,
				"name": "爱情片"
			}, {
				"typeid": 4,
				"type": 0,
				"name": "科幻片"
			}, {
				"typeid": 5,
				"type": 0,
				"name": "恐怖片"
			}]
		},
		{
			"id": 2,
			"name": "电视剧",
			"tabbar": [{
				"typeid": 27,
				"type": 0,
				"name": "国产剧"
			}, {
				"typeid": 28,
				"type": 0,
				"name": "欧美剧"
			}, {
				"typeid": 29,
				"type": 0,
				"name": "香港剧"
			}, {
				"typeid": 30,
				"type": 0,
				"name": "韩国剧"
			}, {
				"typeid": 31,
				"type": 0,
				"name": "台湾剧"
			}]
		},
		{
			"id": 3,
			"name": "动漫",
			"tabbar": [{
				"typeid": 32,
				"type": 1,
				"name": "自拍"
			}, {
				"typeid": 33,
				"type": 0,
				"name": "网红"
			}, {
				"typeid": 36,
				"type": 1,
				"name": "自制"
			}, {
				"typeid": 40,
				"type": 0,
				"name": "传媒"
			}]
		},
		{
			"id": 4,
			"name": "综艺",
			"tabbar": []
		},
		{
			"id": 5,
			"name": "新闻",
			"tabbar": []
		}
	],
	"categoryad": [
		{
			"id": 1,
			"image": "https://i0.wp.com/picjumbo.com/wp-content/uploads/happy-thanksgiving-design-card-free-photo.jpg?w=600&quality=80",
			"minimage": "https://i0.wp.com/picjumbo.com/wp-content/uploads/smiling-halloween-pumpkins-vertical-free-photo.jpg?w=600&quality=80",
			"maximage": "https://i0.wp.com/picjumbo.com/wp-content/uploads/tree-with-brown-fall-leaves-against-blue-sky-free-photo.jpg?w=600&quality=80",
			"link": "https://www.bing.com",
			"name": "tracking method known as Canvas Fingerprinting uses HTML5 Canvas identifier"
		},
		{
			"id": 3,
			"image": "https://i0.wp.com/picjumbo.com/wp-content/uploads/woman-in-coat-holding-her-white-smartphone-in-hands-during-sunny-fall-free-photo.jpg?w=2210&quality=70",
			"minimage": "https://i0.wp.com/picjumbo.com/wp-content/uploads/woman-holding-a-pink-shaving-razor-in-her-hand-free-photo.jpg?w=2210&quality=70",
			"maximage": "https://i0.wp.com/picjumbo.com/wp-content/uploads/dating-love-scrabble-letters-free-photo.jpg?w=2210&quality=70",
			"link": "https://www.bing.com",
			"name": "Font fingerprinting is a technique used to track online activity by analyzing"
		}
	]
}
